<openerp>
    <data>

       <record id="l10n_gt_view_invoice_supplier_form" model="ir.ui.view">
           <field name="name">l10n_gt_extra.view_supplier_form</field>
           <field name="model">account.invoice</field>
           <field name="priority" eval="15"/>
           <field name="type">form</field>
           <field name="inherit_id" ref="account.invoice_supplier_form"/>
           <field name="arch" type="xml">
               <field name="move_id" position="after">
                   <field name="tipo_gasto"/>
                   <field name="pequenio_contribuyente"/>
               </field>
           </field>
       </record>

       <record id="l10n_gt_view_invoice_form" model="ir.ui.view">
           <field name="name">l10n_gt_extra.view_invoice_form</field>
           <field name="model">account.invoice</field>
           <field name="priority" eval="15"/>
           <field name="type">form</field>
           <field name="inherit_id" ref="account.invoice_form"/>
           <field name="arch" type="xml">
               <field name="move_id" position="after">
                   <field name="tipo_gasto"/>
               </field>
           </field>
       </record>

       <record id="l10n_gt_view_invoice_tree" model="ir.ui.view">
           <field name="name">l10n_gt_extra.veiw_invoice_tree</field>
           <field name="model">account.invoice</field>
           <field name="inherit_id" ref="account.invoice_tree"/>
           <field name="type">tree</field>
           <field name="arch" type="xml">
               <field name="number" position="replace">
                   <field name="numero_factura"/>
               </field>
           </field>
       </record>

       <record id="l10n_gt_view_account_journal_form" model="ir.ui.view">
           <field name="name">l10n_gt_extra.view_account_journal_form</field>
           <field name="model">account.journal</field>
           <field name="type">form</field>
           <field name="inherit_id" ref="account.view_account_journal_form"/>
           <field name="arch" type="xml">
               <field name="sequence_id" position="after">
                   <field name="direccion"/>
               </field>
           </field>
       </record>

    </data>
</openerp>
