<openerp>
    <data>

        <!--Se agrega el campo VAT (NIT)-->
        <record model="ir.ui.view" id="l10n_gt_extra.l10n_gt_view_res_partner_form">
            <field name="name">l10n_gt_extra.l10n_gt_view_partner_form</field>
            <field name="model">res.partner</field>
            <field name="inherit_id" ref="base.view_partner_form"/>
            <field name="type">form</field>
            <field name="arch" type="xml">
                <field name="lang" position="before">
                    <field name="vat" string="NIT"></field>
                </field>
            </field>
        </record>

        <record model="ir.ui.view" id="l10n_gt_extra.l10n_gt_view_res_partner_filter">
            <field name="name">l10n_gt_extra.l10n_gt_view_res_partner_filter</field>
            <field name="model">res.partner</field>
            <field name="inherit_id" ref="base.view_res_partner_filter"/>
            <field name="type">search</field>
            <field name="arch" type="xml">
                <field name="name" position="before">
                    <field name="vat" string="NIT" select="1"></field>
                </field>
            </field>
        </record>

    </data>
</openerp>
