<?xml version="1.0" encoding="utf-8"?>
<openerp>
    <data>

        <record id="view_bolson_bolson_form" model="ir.ui.view">
            <field name="name">bolson.bolson.form</field>
            <field name="model">bolson.bolson</field>
            <field name="type">form</field>
            <field name="arch" type="xml">
                <form string="Bolson" version="7.0">
                    <header>
                        <button name="conciliar" string="Conciliar" icon="gtk-execute" type="object" />
                        <button name="cancelar" string="Cancelar" icon="gtk-execute" type="object" />
                    </header>
                    <sheet>
                        <group>
                            <group>
                                <field name="descripcion"/>
                                <field name="diario"/>
                            </group>
                            <group>
                                <field name="fecha"/>
                                <field name="company_id"/>
                            </group>
                        </group>
                        <group>
                            <field name="facturas" context="{'type':'in_invoice', 'journal_type': 'purchase'}" domain="[('type','=','in_invoice')]"/>
                            <field name="cheques" context="{'form_view_ref' : 'account.voucher.payment.form', 'type':'payment'}" domain="[('journal_id.type', 'in', ['bank', 'cash']), ('type','=','payment')]"/>
                            <field name="extractos"/>
                        </group>
                        <group>
                            <field name="cuenta_desajuste"/>
                            <field name="asiento" readonly="True"/>
                        </group>
                    </sheet>
                </form>
            </field>
        </record>

        <record id="view_bolson_bolson_tree" model="ir.ui.view">
            <field name="name">bolson.bolson.tree</field>
            <field name="model">bolson.bolson</field>
            <field name="type">tree</field>
            <field name="arch" type="xml">
                <tree string="Bolson">
                    <field name="fecha"/>
                    <field name="descripcion"/>
                </tree>
            </field>
        </record>

        <record id="action_bolson_bolson" model="ir.actions.act_window">
            <field name="name">Liquidaciones</field>
            <field name="type">ir.actions.act_window</field>
            <field name="res_model">bolson.bolson</field>
            <field name="view_type">form</field>
        </record>

        <menuitem action="action_bolson_bolson" id="menu_bolson_bolson" parent="account.menu_finance_bank_and_cash"/>

    </data>
</openerp>
