<?xml version="1.0" encoding="utf-8"?>
<openerp>
    <data>

        <record id="bolson_invoice_form" model="ir.ui.view">
            <field name="name">bolson.account.invoice.form</field>
            <field name="model">account.invoice</field>
            <field name="inherit_id" ref="account.invoice_supplier_form"/>
            <field name="type">form</field>
            <field name="arch" type="xml">
                <field name="tipo_gasto" position="after">
                    <field name="bolson_id" domain="[('asiento','=',False)]" on_change="onchange_bolson(bolson_id)"/>
                </field>
            </field>
        </record>

    </data>
</openerp>
