<?xml version="1.0" encoding="utf-8"?>
<openerp>
    <data>

         <record model="ir.ui.view" id="view_vendor_payment_form_bolson">
            <field name="name">account.voucher.payment.form.bolson</field>
            <field name="model">account.voucher</field>
            <field name="inherit_id" ref="account_voucher.view_vendor_payment_form"/>
            <field name="type">form</field>
            <field name="arch" type="xml">
                <field name="company_id" position="before">
                    <field name="bolson_id" domain="[('asiento','=',False)]"/>
                </field>
            </field>
        </record>

    </data>
</openerp>
